strike,bid,ask,mid_price,mid_iv,expiry,T,type
210.0,2.02,2.03,2.025,0.16989010266484023,2025-05-23,0.00821917808219178,call
212.5,1.16,1.17,1.165,0.2233271915811214,2025-05-23,0.00821917808219178,call
215.0,0.61,0.62,0.615,0.25105937904367964,2025-05-23,0.00821917808219178,call
217.5,0.31,0.32,0.315,0.2734308735954864,2025-05-23,0.00821917808219178,call
220.0,0.15,0.16,0.155,0.2915444053434655,2025-05-23,0.00821917808219178,call
222.5,0.08,0.09,0.08499999999999999,0.3147999874338387,2025-05-23,0.00821917808219178,call
225.0,0.05,0.06,0.055,0.3441997288855081,2025-05-23,0.00821917808219178,call
227.5,0.03,0.04,0.035,0.369661223500218,2025-05-23,0.00821917808219178,call
230.0,0.02,0.03,0.025,0.3984209943734273,2025-05-23,0.00821917808219178,call
232.5,0.02,0.03,0.025,0.44222009871026186,2025-05-23,0.00821917808219178,call
235.0,0.01,0.02,0.015,0.45741367038128206,2025-05-23,0.00821917808219178,call
237.5,0.01,0.02,0.015,0.49742853011928617,2025-05-23,0.00821917808219178,call
240.0,0.01,0.02,0.015,0.5366729013657956,2025-05-23,0.00821917808219178,call
242.5,0.0,0.01,0.005,0.5172502662013815,2025-05-23,0.00821917808219178,call
245.0,0.0,0.01,0.005,0.5519584180870274,2025-05-23,0.00821917808219178,call
250.0,0.0,0.01,0.005,0.6197351094076903,2025-05-23,0.00821917808219178,call
255.0,0.0,0.01,0.005,0.6854911864061775,2025-05-23,0.00821917808219178,call
260.0,0.0,0.01,0.005,0.7493913084682386,2025-05-23,0.00821917808219178,call
265.0,0.0,0.01,0.005,0.8115712024211565,2025-05-23,0.00821917808219178,call
270.0,0.0,0.01,0.005,0.8721473864402385,2025-05-23,0.00821917808219178,call
275.0,0.0,0.01,0.005,0.9312196798319144,2025-05-23,0.00821917808219178,call
280.0,0.0,0.01,0.005,0.9888762069595178,2025-05-23,0.00821917808219178,call
285.0,0.0,0.01,0.005,1.0451948931155435,2025-05-23,0.00821917808219178,call
290.0,0.0,0.01,0.005,1.1002459953649135,2025-05-23,0.00821917808219178,call
295.0,0.0,0.01,0.005,1.154092250968929,2025-05-23,0.00821917808219178,call
300.0,0.0,0.01,0.005,1.2067918532442068,2025-05-23,0.00821917808219178,call
305.0,0.0,0.01,0.005,1.2583971421840983,2025-05-23,0.00821917808219178,call
310.0,0.0,0.01,0.005,1.3089573949871978,2025-05-23,0.00821917808219178,call
325.0,0.0,0.01,0.005,1.4547960947596357,2025-05-23,0.00821917808219178,call
207.5,4.5,4.55,4.525,0.1532425396823139,2025-05-30,0.0273972602739726,call
210.0,3.2,3.25,3.225,0.18209705481336522,2025-05-30,0.0273972602739726,call
212.5,2.19,2.21,2.2,0.1977338862779994,2025-05-30,0.0273972602739726,call
215.0,1.45,1.47,1.46,0.2099227475718899,2025-05-30,0.0273972602739726,call
217.5,0.93,0.94,0.935,0.21912354607579557,2025-05-30,0.0273972602739726,call
220.0,0.58,0.59,0.585,0.227307665171593,2025-05-30,0.0273972602739726,call
222.5,0.37,0.38,0.375,0.23749954196941422,2025-05-30,0.0273972602739726,call
225.0,0.24,0.25,0.245,0.24834612953906687,2025-05-30,0.0273972602739726,call
227.5,0.16,0.17,0.165,0.26003112730035544,2025-05-30,0.0273972602739726,call
230.0,0.12,0.14,0.13,0.278279238548805,2025-05-30,0.0273972602739726,call
232.5,0.09,0.1,0.095,0.2915459369759177,2025-05-30,0.0273972602739726,call
235.0,0.07,0.08,0.07500000000000001,0.30730049931068554,2025-05-30,0.0273972602739726,call
240.0,0.05,0.06,0.055,0.343050888863002,2025-05-30,0.0273972602739726,call
245.0,0.03,0.04,0.035,0.368847305345795,2025-05-30,0.0273972602739726,call
250.0,0.02,0.03,0.025,0.3969498579744493,2025-05-30,0.0273972602739726,call
255.0,0.01,0.02,0.015,0.4152342189397257,2025-05-30,0.0273972602739726,call
260.0,0.01,0.02,0.015,0.45324994311160954,2025-05-30,0.0273972602739726,call
265.0,0.0,0.01,0.005,0.4443834466494622,2025-05-30,0.0273972602739726,call
270.0,0.0,0.01,0.005,0.4775635842678306,2025-05-30,0.0273972602739726,call
275.0,0.0,0.01,0.005,0.5099199551345599,2025-05-30,0.0273972602739726,call
280.0,0.0,0.01,0.005,0.5415007370789848,2025-05-30,0.0273972602739726,call
285.0,0.0,0.01,0.005,0.5723487758704598,2025-05-30,0.0273972602739726,call
290.0,0.0,0.01,0.005,0.6025022197376241,2025-05-30,0.0273972602739726,call
295.0,0.0,0.01,0.005,0.6319959496013984,2025-05-30,0.0273972602739726,call
300.0,0.0,0.01,0.005,0.66086169662623,2025-05-30,0.0273972602739726,call
305.0,0.0,0.01,0.005,0.6891278332149907,2025-05-30,0.0273972602739726,call
310.0,0.0,0.01,0.005,0.7168213705869754,2025-05-30,0.0273972602739726,call
320.0,0.0,0.01,0.005,0.7705867344087285,2025-05-30,0.0273972602739726,call
325.0,0.0,0.01,0.005,0.7967024226649693,2025-05-30,0.0273972602739726,call
205.0,7.05,7.15,7.1,0.16411152725449685,2025-06-06,0.04657534246575343,call
210.0,4.35,4.4,4.375,0.20353250311358673,2025-06-06,0.04657534246575343,call
215.0,2.39,2.4,2.395,0.21665052581512576,2025-06-06,0.04657534246575343,call
220.0,1.21,1.23,1.22,0.22724465802051103,2025-06-06,0.04657534246575343,call
225.0,0.58,0.6,0.59,0.23702103110511494,2025-06-06,0.04657534246575343,call
230.0,0.3,0.32,0.31,0.25265939898389106,2025-06-06,0.04657534246575343,call
235.0,0.17,0.18,0.175,0.2702419702632367,2025-06-06,0.04657534246575343,call
240.0,0.1,0.11,0.10500000000000001,0.288425154696102,2025-06-06,0.04657534246575343,call
245.0,0.07,0.08,0.07500000000000001,0.3118382791338731,2025-06-06,0.04657534246575343,call
250.0,0.05,0.06,0.055,0.3340380805981172,2025-06-06,0.04657534246575343,call
255.0,0.03,0.04,0.035,0.34848990720539763,2025-06-06,0.04657534246575343,call
260.0,0.02,0.04,0.03,0.3733784423245909,2025-06-06,0.04657534246575343,call
265.0,0.02,0.03,0.025,0.39565668084906463,2025-06-06,0.04657534246575343,call
270.0,0.01,0.03,0.02,0.41490695061672167,2025-06-06,0.04657534246575343,call
275.0,0.01,0.02,0.015,0.4303108996806638,2025-06-06,0.04657534246575343,call
280.0,0.0,0.01,0.005,0.41521308456825684,2025-06-06,0.04657534246575343,call
285.0,0.0,0.02,0.01,0.4648952346918999,2025-06-06,0.04657534246575343,call
290.0,0.0,0.02,0.01,0.4891508354519967,2025-06-06,0.04657534246575343,call
295.0,0.0,0.01,0.005,0.4846218731284732,2025-06-06,0.04657534246575343,call
300.0,0.0,0.01,0.005,0.506761375203697,2025-06-06,0.04657534246575343,call
315.0,0.0,0.01,0.005,0.5705018842629416,2025-06-06,0.04657534246575343,call
320.0,0.0,0.01,0.005,0.5909190204322579,2025-06-06,0.04657534246575343,call
200.0,11.75,11.9,11.825,0.17771068512685936,2025-06-13,0.06575342465753424,call
205.0,8.25,8.3,8.275,0.20779501168862982,2025-06-13,0.06575342465753424,call
210.0,5.45,5.5,5.475,0.2224026592895882,2025-06-13,0.06575342465753424,call
215.0,3.3,3.4,3.3499999999999996,0.2283737306754287,2025-06-13,0.06575342465753424,call
220.0,1.98,2.01,1.9949999999999999,0.2371997447414112,2025-06-13,0.06575342465753424,call
225.0,1.06,1.09,1.0750000000000002,0.23993272717668904,2025-06-13,0.06575342465753424,call
230.0,0.6,0.61,0.605,0.24906764412662766,2025-06-13,0.06575342465753424,call
235.0,0.34,0.36,0.35,0.2599473224865578,2025-06-13,0.06575342465753424,call
240.0,0.21,0.23,0.22,0.2742022435100336,2025-06-13,0.06575342465753424,call
245.0,0.14,0.15,0.14500000000000002,0.28912716626205465,2025-06-13,0.06575342465753424,call
250.0,0.1,0.12,0.11,0.30867498059611703,2025-06-13,0.06575342465753424,call
255.0,0.07,0.09,0.08,0.3246344875063243,2025-06-13,0.06575342465753424,call
260.0,0.05,0.07,0.060000000000000005,0.3404941951794026,2025-06-13,0.06575342465753424,call
265.0,0.04,0.06,0.05,0.3594719147167435,2025-06-13,0.06575342465753424,call
270.0,0.03,0.05,0.04,0.3755296002216487,2025-06-13,0.06575342465753424,call
275.0,0.02,0.04,0.03,0.38787865046881465,2025-06-13,0.06575342465753424,call
280.0,0.02,0.04,0.03,0.41118398585318267,2025-06-13,0.06575342465753424,call
285.0,0.02,0.03,0.025,0.42600236370825934,2025-06-13,0.06575342465753424,call
290.0,0.01,0.03,0.02,0.43829195889735423,2025-06-13,0.06575342465753424,call
295.0,0.01,0.03,0.02,0.4592967673763662,2025-06-13,0.06575342465753424,call
300.0,0.0,0.02,0.01,0.4510841547215776,2025-06-13,0.06575342465753424,call
305.0,0.0,0.02,0.01,0.47019976425229415,2025-06-13,0.06575342465753424,call
310.0,0.0,0.02,0.01,0.48892190129591595,2025-06-13,0.06575342465753424,call
195.0,16.25,16.4,16.325,0.10328373252475873,2025-06-20,0.08493150684931507,call
200.0,12.45,12.55,12.5,0.20471996397931003,2025-06-20,0.08493150684931507,call
205.0,9.05,9.15,9.100000000000001,0.22140334601358752,2025-06-20,0.08493150684931507,call
210.0,6.15,6.2,6.175000000000001,0.22413324403568768,2025-06-20,0.08493150684931507,call
215.0,4.0,4.05,4.025,0.22902661918564401,2025-06-20,0.08493150684931507,call
220.0,2.45,2.46,2.455,0.23090134576722282,2025-06-20,0.08493150684931507,call
225.0,1.46,1.49,1.475,0.23607642717299374,2025-06-20,0.08493150684931507,call
230.0,0.84,0.85,0.845,0.2399199432323869,2025-06-20,0.08493150684931507,call
235.0,0.51,0.53,0.52,0.24958296510119535,2025-06-20,0.08493150684931507,call
240.0,0.32,0.33,0.325,0.25951882745558436,2025-06-20,0.08493150684931507,call
245.0,0.21,0.23,0.22,0.2724304538323118,2025-06-20,0.08493150684931507,call
250.0,0.15,0.16,0.155,0.28583263713052826,2025-06-20,0.08493150684931507,call
255.0,0.11,0.12,0.11499999999999999,0.30016732060201035,2025-06-20,0.08493150684931507,call
260.0,0.08,0.09,0.08499999999999999,0.31309936295440477,2025-06-20,0.08493150684931507,call
265.0,0.06,0.08,0.07,0.32934502940864974,2025-06-20,0.08493150684931507,call
270.0,0.05,0.06,0.055,0.34259383397624227,2025-06-20,0.08493150684931507,call
275.0,0.04,0.05,0.045,0.3565286520364908,2025-06-20,0.08493150684931507,call
280.0,0.03,0.04,0.035,0.3676049036392411,2025-06-20,0.08493150684931507,call
285.0,0.02,0.03,0.025,0.37475107899340265,2025-06-20,0.08493150684931507,call
290.0,0.02,0.03,0.025,0.3939965306437271,2025-06-20,0.08493150684931507,call
295.0,0.01,0.03,0.02,0.4040488360534009,2025-06-20,0.08493150684931507,call
300.0,0.01,0.02,0.015,0.4111301633247693,2025-06-20,0.08493150684931507,call
310.0,0.0,0.02,0.01,0.4301205148958095,2025-06-20,0.08493150684931507,call
320.0,0.0,0.02,0.01,0.4620884929828085,2025-06-20,0.08493150684931507,call
330.0,0.0,0.02,0.01,0.49283969033072433,2025-06-20,0.08493150684931507,call
340.0,0.0,0.01,0.005,0.4951806692995405,2025-06-20,0.08493150684931507,call
350.0,0.0,0.01,0.005,0.5225308163134598,2025-06-20,0.08493150684931507,call
360.0,0.0,0.01,0.005,0.5489665085599263,2025-06-20,0.08493150684931507,call
195.0,16.85,17.05,16.950000000000003,0.1960860470195895,2025-06-27,0.10410958904109589,call
200.0,13.25,13.4,13.325,0.22842136886477613,2025-06-27,0.10410958904109589,call
205.0,9.75,9.85,9.8,0.2284386234419287,2025-06-27,0.10410958904109589,call
210.0,6.9,6.95,6.925000000000001,0.22997154661681216,2025-06-27,0.10410958904109589,call
215.0,4.65,4.7,4.675000000000001,0.23107587268083937,2025-06-27,0.10410958904109589,call
220.0,2.96,3.05,3.005,0.23166716732212136,2025-06-27,0.10410958904109589,call
225.0,1.85,1.88,1.865,0.2333894761783668,2025-06-27,0.10410958904109589,call
230.0,1.12,1.15,1.135,0.23656903673594568,2025-06-27,0.10410958904109589,call
235.0,0.69,0.72,0.705,0.2426534127637115,2025-06-27,0.10410958904109589,call
240.0,0.44,0.46,0.45,0.25048559551612815,2025-06-27,0.10410958904109589,call
245.0,0.29,0.31,0.3,0.2600387609298524,2025-06-27,0.10410958904109589,call
250.0,0.2,0.22,0.21000000000000002,0.27097917754245404,2025-06-27,0.10410958904109589,call
255.0,0.15,0.16,0.155,0.28318370967800316,2025-06-27,0.10410958904109589,call
260.0,0.11,0.13,0.12,0.2962967683151593,2025-06-27,0.10410958904109589,call
265.0,0.08,0.1,0.09,0.3070805582991457,2025-06-27,0.10410958904109589,call
270.0,0.06,0.08,0.07,0.3184481251768737,2025-06-27,0.10410958904109589,call
275.0,0.04,0.07,0.05500000000000001,0.3293910828275254,2025-06-27,0.10410958904109589,call
280.0,0.03,0.06,0.045,0.3411147237002765,2025-06-27,0.10410958904109589,call
290.0,0.02,0.04,0.03,0.36233435868398517,2025-06-27,0.10410958904109589,call
300.0,0.01,0.04,0.025,0.38938288604516036,2025-06-27,0.10410958904109589,call
315.0,0.0,0.03,0.015,0.4172199579925202,2025-06-27,0.10410958904109589,call
325.0,0.0,0.02,0.01,0.4313174403274188,2025-06-27,0.10410958904109589,call
180.0,31.45,31.7,31.575,0.21900583608049518,2025-07-18,0.16164383561643836,call
185.0,26.9,27.0,26.95,0.2288397211956978,2025-07-18,0.16164383561643836,call
190.0,22.7,22.85,22.775,0.24592175154885398,2025-07-18,0.16164383561643836,call
195.0,18.75,18.9,18.825,0.250913863096651,2025-07-18,0.16164383561643836,call
200.0,15.05,15.15,15.100000000000001,0.24859847800967314,2025-07-18,0.16164383561643836,call
205.0,11.85,11.9,11.875,0.24888092940465437,2025-07-18,0.16164383561643836,call
210.0,8.95,9.0,8.975,0.2448837616045183,2025-07-18,0.16164383561643836,call
215.0,6.45,6.55,6.5,0.23949285078995072,2025-07-18,0.16164383561643836,call
220.0,4.65,4.7,4.675000000000001,0.23954346523957193,2025-07-18,0.16164383561643836,call
225.0,3.2,3.25,3.225,0.2379724591750906,2025-07-18,0.16164383561643836,call
230.0,2.16,2.19,2.175,0.23749721242572785,2025-07-18,0.16164383561643836,call
235.0,1.46,1.48,1.47,0.2394311454073087,2025-07-18,0.16164383561643836,call
240.0,0.99,1.02,1.005,0.24321128607461084,2025-07-18,0.16164383561643836,call
245.0,0.69,0.7,0.695,0.24800737018322955,2025-07-18,0.16164383561643836,call
250.0,0.49,0.5,0.495,0.2543050951234273,2025-07-18,0.16164383561643836,call
255.0,0.37,0.39,0.38,0.26383433566551034,2025-07-18,0.16164383561643836,call
260.0,0.28,0.29,0.28500000000000003,0.27147497145753724,2025-07-18,0.16164383561643836,call
265.0,0.21,0.22,0.215,0.2787835608108712,2025-07-18,0.16164383561643836,call
270.0,0.16,0.18,0.16999999999999998,0.2875058186767985,2025-07-18,0.16164383561643836,call
275.0,0.13,0.14,0.135,0.29576824524002904,2025-07-18,0.16164383561643836,call
280.0,0.1,0.12,0.11,0.30447038671380544,2025-07-18,0.16164383561643836,call
285.0,0.09,0.1,0.095,0.3148691955148092,2025-07-18,0.16164383561643836,call
290.0,0.06,0.08,0.07,0.3186500502431248,2025-07-18,0.16164383561643836,call
295.0,0.05,0.07,0.060000000000000005,0.3277069457729702,2025-07-18,0.16164383561643836,call
300.0,0.04,0.06,0.05,0.33526090846655915,2025-07-18,0.16164383561643836,call
305.0,0.03,0.05,0.04,0.3409566001626678,2025-07-18,0.16164383561643836,call
310.0,0.03,0.04,0.035,0.34944187696979,2025-07-18,0.16164383561643836,call
315.0,0.02,0.04,0.03,0.35682168618323457,2025-07-18,0.16164383561643836,call
320.0,0.02,0.03,0.025,0.3628868669834939,2025-07-18,0.16164383561643836,call
325.0,0.02,0.03,0.025,0.37489868421936007,2025-07-18,0.16164383561643836,call
330.0,0.01,0.03,0.02,0.37887913329034206,2025-07-18,0.16164383561643836,call
340.0,0.0,0.03,0.015,0.39148081509484295,2025-07-18,0.16164383561643836,call
350.0,0.0,0.02,0.01,0.39923379565692674,2025-07-18,0.16164383561643836,call
360.0,0.0,0.02,0.01,0.4192556861416861,2025-07-18,0.16164383561643836,call
370.0,0.0,0.01,0.005,0.41627374943886236,2025-07-18,0.16164383561643836,call
380.0,0.0,0.01,0.005,0.43423808806633746,2025-07-18,0.16164383561643836,call
390.0,0.0,0.01,0.005,0.45165823501519364,2025-07-18,0.16164383561643836,call
400.0,0.0,0.01,0.005,0.46856589476412464,2025-07-18,0.16164383561643836,call
165.0,46.35,46.6,46.475,0.23725166766881536,2025-08-15,0.23835616438356164,call
170.0,42.05,42.25,42.15,0.2965149005352013,2025-08-15,0.23835616438356164,call
175.0,37.4,37.6,37.5,0.28893022873153346,2025-08-15,0.23835616438356164,call
180.0,33.15,33.3,33.224999999999994,0.29436708917350685,2025-08-15,0.23835616438356164,call
185.0,29.05,29.25,29.15,0.2968570411106092,2025-08-15,0.23835616438356164,call
190.0,25.0,25.15,25.075,0.28979021197420735,2025-08-15,0.23835616438356164,call
195.0,21.25,21.4,21.325,0.2855244252554063,2025-08-15,0.23835616438356164,call
200.0,17.8,17.95,17.875,0.2816000871869069,2025-08-15,0.23835616438356164,call
205.0,14.6,14.7,14.649999999999999,0.2753406406340905,2025-08-15,0.23835616438356164,call
210.0,11.8,11.9,11.850000000000001,0.2714260226566146,2025-08-15,0.23835616438356164,call
215.0,9.3,9.4,9.350000000000001,0.2662960505905029,2025-08-15,0.23835616438356164,call
220.0,7.25,7.35,7.3,0.26359170273121324,2025-08-15,0.23835616438356164,call
225.0,5.55,5.6,5.574999999999999,0.26057997668497507,2025-08-15,0.23835616438356164,call
230.0,4.15,4.2,4.175000000000001,0.257859531989968,2025-08-15,0.23835616438356164,call
235.0,3.05,3.1,3.075,0.2557137164446702,2025-08-15,0.23835616438356164,call
240.0,2.29,2.32,2.3049999999999997,0.25693498206478566,2025-08-15,0.23835616438356164,call
245.0,1.68,1.7,1.69,0.25719125701249906,2025-08-15,0.23835616438356164,call
250.0,1.26,1.28,1.27,0.25992428631520076,2025-08-15,0.23835616438356164,call
255.0,0.95,0.96,0.955,0.2628670437311101,2025-08-15,0.23835616438356164,call
260.0,0.73,0.74,0.735,0.26718195940721723,2025-08-15,0.23835616438356164,call
265.0,0.57,0.58,0.575,0.2721613614501132,2025-08-15,0.23835616438356164,call
270.0,0.45,0.47,0.45999999999999996,0.27795500279028856,2025-08-15,0.23835616438356164,call
275.0,0.35,0.37,0.36,0.2823075632513687,2025-08-15,0.23835616438356164,call
280.0,0.28,0.3,0.29000000000000004,0.28771516586059986,2025-08-15,0.23835616438356164,call
285.0,0.23,0.24,0.235,0.2930327270233681,2025-08-15,0.23835616438356164,call
290.0,0.18,0.2,0.19,0.2979222264999602,2025-08-15,0.23835616438356164,call
295.0,0.15,0.16,0.155,0.30287913008509526,2025-08-15,0.23835616438356164,call
300.0,0.12,0.14,0.13,0.3086306825663262,2025-08-15,0.23835616438356164,call
305.0,0.09,0.12,0.105,0.3126140814805211,2025-08-15,0.23835616438356164,call
310.0,0.08,0.1,0.09,0.31858102069612604,2025-08-15,0.23835616438356164,call
315.0,0.06,0.09,0.075,0.32320848992100254,2025-08-15,0.23835616438356164,call
320.0,0.05,0.07,0.060000000000000005,0.32615003740608295,2025-08-15,0.23835616438356164,call
325.0,0.05,0.07,0.060000000000000005,0.3367514022352589,2025-08-15,0.23835616438356164,call
330.0,0.04,0.06,0.05,0.34058185904262894,2025-08-15,0.23835616438356164,call
340.0,0.03,0.05,0.04,0.3525142523655511,2025-08-15,0.23835616438356164,call
350.0,0.02,0.03,0.025,0.3553062701589617,2025-08-15,0.23835616438356164,call
360.0,0.02,0.03,0.025,0.37286779880244214,2025-08-15,0.23835616438356164,call
370.0,0.01,0.03,0.02,0.38228589895814086,2025-08-15,0.23835616438356164,call
380.0,0.0,0.02,0.01,0.3764889049552695,2025-08-15,0.23835616438356164,call
390.0,0.0,0.02,0.01,0.39146157689055383,2025-08-15,0.23835616438356164,call
145.0,66.1,66.6,66.35,0.24520768792999845,2025-09-19,0.33424657534246577,call
150.0,61.6,62.0,61.8,0.3278937619149945,2025-09-19,0.33424657534246577,call
155.0,56.8,57.2,57.0,0.32085968546259985,2025-09-19,0.33424657534246577,call
160.0,52.2,52.55,52.375,0.3225284975766716,2025-09-19,0.33424657534246577,call
165.0,47.75,48.05,47.9,0.3249409442618357,2025-09-19,0.33424657534246577,call
170.0,43.4,43.75,43.575,0.32641823269236936,2025-09-19,0.33424657534246577,call
175.0,39.05,39.3,39.175,0.31786391665769653,2025-09-19,0.33424657534246577,call
180.0,34.9,35.15,35.025,0.313397657864956,2025-09-19,0.33424657534246577,call
185.0,31.05,31.25,31.15,0.3116374322997867,2025-09-19,0.33424657534246577,call
190.0,27.05,27.25,27.15,0.3006866283216545,2025-09-19,0.33424657534246577,call
195.0,23.55,23.75,23.65,0.2974862566010238,2025-09-19,0.33424657534246577,call
200.0,20.05,20.25,20.15,0.28861592911232503,2025-09-19,0.33424657534246577,call
205.0,16.9,17.1,17.0,0.28209302809518344,2025-09-19,0.33424657534246577,call
210.0,14.2,14.3,14.25,0.2782574727272133,2025-09-19,0.33424657534246577,call
215.0,11.55,11.65,11.600000000000001,0.2705817821609233,2025-09-19,0.33424657534246577,call
220.0,9.3,9.4,9.350000000000001,0.2651396729458189,2025-09-19,0.33424657534246577,call
225.0,7.45,7.5,7.475,0.2614903754802618,2025-09-19,0.33424657534246577,call
230.0,5.9,5.95,5.925000000000001,0.2589669035146903,2025-09-19,0.33424657534246577,call
235.0,4.55,4.65,4.6,0.2557751606845869,2025-09-19,0.33424657534246577,call
240.0,3.55,3.6,3.575,0.25443541732767877,2025-09-19,0.33424657534246577,call
245.0,2.77,2.79,2.7800000000000002,0.25425714937172306,2025-09-19,0.33424657534246577,call
250.0,2.16,2.18,2.17,0.25509269186796235,2025-09-19,0.33424657534246577,call
255.0,1.67,1.71,1.69,0.256181963814766,2025-09-19,0.33424657534246577,call
260.0,1.33,1.35,1.34,0.2587185942587553,2025-09-19,0.33424657534246577,call
265.0,1.05,1.07,1.06,0.2611200226824305,2025-09-19,0.33424657534246577,call
270.0,0.85,0.88,0.865,0.26524321368547366,2025-09-19,0.33424657534246577,call
275.0,0.69,0.71,0.7,0.2686808126148611,2025-09-19,0.33424657534246577,call
280.0,0.56,0.58,0.5700000000000001,0.27225202875427534,2025-09-19,0.33424657534246577,call
285.0,0.46,0.48,0.47,0.2762237063636146,2025-09-19,0.33424657534246577,call
290.0,0.39,0.41,0.4,0.2814124361750441,2025-09-19,0.33424657534246577,call
295.0,0.32,0.34,0.33,0.2848983023630768,2025-09-19,0.33424657534246577,call
300.0,0.27,0.29,0.28,0.28939032202120624,2025-09-19,0.33424657534246577,call
305.0,0.22,0.25,0.235,0.29317032729505715,2025-09-19,0.33424657534246577,call
310.0,0.2,0.21,0.20500000000000002,0.298303752060512,2025-09-19,0.33424657534246577,call
320.0,0.13,0.15,0.14,0.30361198674898354,2025-09-19,0.33424657534246577,call
330.0,0.09,0.11,0.1,0.31001761989879606,2025-09-19,0.33424657534246577,call
340.0,0.07,0.09,0.08,0.3197290443944827,2025-09-19,0.33424657534246577,call
350.0,0.04,0.07,0.05500000000000001,0.32352109079929786,2025-09-19,0.33424657534246577,call
360.0,0.03,0.05,0.04,0.3287614392860021,2025-09-19,0.33424657534246577,call
370.0,0.02,0.04,0.03,0.334488526768801,2025-09-19,0.33424657534246577,call
380.0,0.02,0.03,0.025,0.34290270786150806,2025-09-19,0.33424657534246577,call
390.0,0.0,0.03,0.015,0.3412553929092791,2025-09-19,0.33424657534246577,call
130.0,80.9,81.65,81.275,0.2241466074670744,2025-10-17,0.410958904109589,call
135.0,76.05,77.0,76.525,0.33379179305336876,2025-10-17,0.410958904109589,call
140.0,71.4,72.25,71.825,0.3523191845927861,2025-10-17,0.410958904109589,call
145.0,66.85,67.45,67.15,0.35691081354915877,2025-10-17,0.410958904109589,call
150.0,62.45,62.75,62.6,0.36175204016877566,2025-10-17,0.410958904109589,call
155.0,57.65,58.05,57.849999999999994,0.3474713714556156,2025-10-17,0.410958904109589,call
160.0,53.15,53.6,53.375,0.34483523040742065,2025-10-17,0.410958904109589,call
165.0,48.85,49.2,49.025000000000006,0.34225938950016044,2025-10-17,0.410958904109589,call
170.0,44.55,44.75,44.65,0.3339053390358071,2025-10-17,0.410958904109589,call
175.0,40.35,40.55,40.45,0.32750526742006164,2025-10-17,0.410958904109589,call
180.0,36.35,36.65,36.5,0.3240517507644183,2025-10-17,0.410958904109589,call
185.0,32.3,32.55,32.425,0.31296421732211926,2025-10-17,0.410958904109589,call
190.0,28.6,28.8,28.700000000000003,0.3066325405676126,2025-10-17,0.410958904109589,call
195.0,25.05,25.25,25.15,0.2998954248710034,2025-10-17,0.410958904109589,call
200.0,21.75,21.9,21.825,0.29349803309257355,2025-10-17,0.410958904109589,call
205.0,18.65,18.8,18.725,0.2870920263892092,2025-10-17,0.410958904109589,call
210.0,15.8,15.9,15.850000000000001,0.28042370039324876,2025-10-17,0.410958904109589,call
215.0,13.25,13.35,13.3,0.27514640097353865,2025-10-17,0.410958904109589,call
220.0,10.95,11.05,11.0,0.26972653002532704,2025-10-17,0.410958904109589,call
225.0,8.95,9.0,8.975,0.2646118037244938,2025-10-17,0.410958904109589,call
230.0,7.3,7.35,7.324999999999999,0.26192205646860384,2025-10-17,0.410958904109589,call
235.0,5.8,5.85,5.824999999999999,0.2574700047368712,2025-10-17,0.410958904109589,call
240.0,4.55,4.65,4.6,0.254117256952428,2025-10-17,0.410958904109589,call
245.0,3.65,3.75,3.7,0.25395861605840225,2025-10-17,0.410958904109589,call
250.0,2.93,2.95,2.9400000000000004,0.25335986845008845,2025-10-17,0.410958904109589,call
255.0,2.28,2.31,2.295,0.2520220432228397,2025-10-17,0.410958904109589,call
260.0,1.83,1.87,1.85,0.25358239377778624,2025-10-17,0.410958904109589,call
265.0,1.45,1.49,1.47,0.25434165949268805,2025-10-17,0.410958904109589,call
270.0,1.18,1.2,1.19,0.25639467125908066,2025-10-17,0.410958904109589,call
275.0,0.96,0.98,0.97,0.25881191428471606,2025-10-17,0.410958904109589,call
280.0,0.79,0.82,0.8049999999999999,0.2620863449533801,2025-10-17,0.410958904109589,call
285.0,0.65,0.67,0.66,0.26457900842917476,2025-10-17,0.410958904109589,call
290.0,0.55,0.57,0.56,0.2685848085123278,2025-10-17,0.410958904109589,call
295.0,0.46,0.49,0.475,0.2723349464048141,2025-10-17,0.410958904109589,call
300.0,0.39,0.41,0.4,0.27554764862609094,2025-10-17,0.410958904109589,call
305.0,0.32,0.35,0.33499999999999996,0.27835060127073696,2025-10-17,0.410958904109589,call
310.0,0.28,0.3,0.29000000000000004,0.2823659226186061,2025-10-17,0.410958904109589,call
315.0,0.24,0.26,0.25,0.28599555284608125,2025-10-17,0.410958904109589,call
320.0,0.2,0.22,0.21000000000000002,0.2884212695412503,2025-10-17,0.410958904109589,call
325.0,0.17,0.19,0.18,0.29148917844773675,2025-10-17,0.410958904109589,call
330.0,0.15,0.17,0.16,0.29574824383538817,2025-10-17,0.410958904109589,call
335.0,0.12,0.15,0.135,0.29791266235791747,2025-10-17,0.410958904109589,call
340.0,0.11,0.13,0.12,0.30181549599320134,2025-10-17,0.410958904109589,call
345.0,0.09,0.12,0.105,0.3049930936435005,2025-10-17,0.410958904109589,call
350.0,0.08,0.1,0.09,0.30732100442474736,2025-10-17,0.410958904109589,call
355.0,0.06,0.09,0.075,0.3086094949876437,2025-10-17,0.410958904109589,call
360.0,0.06,0.08,0.07,0.31352820601480713,2025-10-17,0.410958904109589,call
370.0,0.05,0.07,0.060000000000000005,0.32236014437127275,2025-10-17,0.410958904109589,call
170.0,46.0,46.3,46.15,0.3443617793399277,2025-11-21,0.5068493150684932,call
180.0,38.15,39.35,38.75,0.34420574677029253,2025-11-21,0.5068493150684932,call
185.0,34.2,34.95,34.575,0.3280501734098663,2025-11-21,0.5068493150684932,call
190.0,30.7,31.7,31.2,0.325882025734245,2025-11-21,0.5068493150684932,call
195.0,27.2,27.45,27.325,0.31065582444663203,2025-11-21,0.5068493150684932,call
200.0,23.85,24.05,23.950000000000003,0.3019345532985168,2025-11-21,0.5068493150684932,call
205.0,20.85,21.65,21.25,0.30165084886048743,2025-11-21,0.5068493150684932,call
210.0,18.05,18.15,18.1,0.2899834379463537,2025-11-21,0.5068493150684932,call
215.0,15.45,15.6,15.524999999999999,0.28449295364627813,2025-11-21,0.5068493150684932,call
220.0,13.1,13.25,13.175,0.279049190828786,2025-11-21,0.5068493150684932,call
225.0,11.0,11.15,11.075,0.2740423614862739,2025-11-21,0.5068493150684932,call
230.0,9.2,9.3,9.25,0.2699660487509205,2025-11-21,0.5068493150684932,call
235.0,7.65,7.75,7.7,0.2670357539141743,2025-11-21,0.5068493150684932,call
240.0,6.25,6.3,6.275,0.2626872585774016,2025-11-21,0.5068493150684932,call
245.0,5.1,5.2,5.15,0.26058345619329726,2025-11-21,0.5068493150684932,call
250.0,4.1,4.2,4.15,0.25757816992578486,2025-11-21,0.5068493150684932,call
255.0,3.35,3.4,3.375,0.25636615152519016,2025-11-21,0.5068493150684932,call
260.0,2.73,2.78,2.755,0.256023128033032,2025-11-21,0.5068493150684932,call
265.0,2.19,2.24,2.215,0.2549600938090378,2025-11-21,0.5068493150684932,call
270.0,1.8,1.83,1.815,0.2555952394316436,2025-11-21,0.5068493150684932,call
275.0,1.48,1.52,1.5,0.2569030507599945,2025-11-21,0.5068493150684932,call
280.0,1.21,1.25,1.23,0.2577965890295843,2025-11-21,0.5068493150684932,call
285.0,1.01,1.05,1.03,0.25989299208823774,2025-11-21,0.5068493150684932,call
290.0,0.84,0.88,0.86,0.2617590221056212,2025-11-21,0.5068493150684932,call
295.0,0.71,0.75,0.73,0.2643685656364017,2025-11-21,0.5068493150684932,call
300.0,0.6,0.63,0.615,0.2664874557434196,2025-11-21,0.5068493150684932,call
305.0,0.53,0.55,0.54,0.2703839376131425,2025-11-21,0.5068493150684932,call
315.0,0.38,0.41,0.395,0.2752839436945658,2025-11-21,0.5068493150684932,call
330.0,0.25,0.28,0.265,0.2844708230956289,2025-11-21,0.5068493150684932,call
345.0,0.17,0.2,0.185,0.29382506622967064,2025-11-21,0.5068493150684932,call
15.0,194.8,198.2,196.5,1.8988822078325684,2025-12-19,0.5835616438356165,call
25.0,191.3,195.2,193.25,2.60442672068743,2025-12-19,0.5835616438356165,call
105.0,105.8,106.8,106.3,0.4003265942682279,2025-12-19,0.5835616438356165,call
110.0,100.95,102.05,101.5,0.41501073195674687,2025-12-19,0.5835616438356165,call
115.0,96.35,97.35,96.85,0.434588266406512,2025-12-19,0.5835616438356165,call
120.0,91.5,92.25,91.875,0.407408567333914,2025-12-19,0.5835616438356165,call
125.0,86.85,87.65,87.25,0.41370126306497707,2025-12-19,0.5835616438356165,call
130.0,82.25,83.25,82.75,0.4204029413838648,2025-12-19,0.5835616438356165,call
135.0,77.75,78.3,78.025,0.407534605981336,2025-12-19,0.5835616438356165,call
140.0,73.3,73.6,73.44999999999999,0.40053483020501085,2025-12-19,0.5835616438356165,call
145.0,68.8,69.15,68.975,0.3949408797330088,2025-12-19,0.5835616438356165,call
150.0,64.35,64.65,64.5,0.38628012083246405,2025-12-19,0.5835616438356165,call
155.0,59.85,60.05,59.95,0.3727719001616253,2025-12-19,0.5835616438356165,call
160.0,55.45,55.75,55.6,0.36389916229660113,2025-12-19,0.5835616438356165,call
165.0,51.15,51.45,51.3,0.3541006015818084,2025-12-19,0.5835616438356165,call
170.0,47.15,47.45,47.3,0.3495913379115042,2025-12-19,0.5835616438356165,call
175.0,43.05,43.3,43.175,0.3392109056610007,2025-12-19,0.5835616438356165,call
180.0,39.2,39.4,39.3,0.3319325700901851,2025-12-19,0.5835616438356165,call
185.0,35.45,35.7,35.575,0.3249483847841826,2025-12-19,0.5835616438356165,call
190.0,31.85,32.05,31.95,0.31709052451067976,2025-12-19,0.5835616438356165,call
195.0,28.6,28.8,28.700000000000003,0.31308429456631165,2025-12-19,0.5835616438356165,call
200.0,25.35,25.5,25.425,0.3055930293880241,2025-12-19,0.5835616438356165,call
205.0,22.35,22.5,22.425,0.2996917426996489,2025-12-19,0.5835616438356165,call
210.0,19.5,19.65,19.575,0.2931417676080335,2025-12-19,0.5835616438356165,call
215.0,16.85,16.95,16.9,0.2862504975939248,2025-12-19,0.5835616438356165,call
220.0,14.5,14.6,14.55,0.28125586928944324,2025-12-19,0.5835616438356165,call
225.0,12.25,12.4,12.325,0.2749755481238087,2025-12-19,0.5835616438356165,call
230.0,10.3,10.45,10.375,0.2697542644833851,2025-12-19,0.5835616438356165,call
235.0,8.65,8.75,8.7,0.2657188455034631,2025-12-19,0.5835616438356165,call
240.0,7.15,7.3,7.225,0.2618020543769073,2025-12-19,0.5835616438356165,call
245.0,5.95,6.05,6.0,0.259151215932814,2025-12-19,0.5835616438356165,call
250.0,4.9,4.95,4.925000000000001,0.2562294965493605,2025-12-19,0.5835616438356165,call
255.0,4.0,4.1,4.05,0.25438499344637205,2025-12-19,0.5835616438356165,call
260.0,3.2,3.3,3.25,0.2511772083282855,2025-12-19,0.5835616438356165,call
265.0,2.68,2.73,2.705,0.2515284370577286,2025-12-19,0.5835616438356165,call
270.0,2.18,2.24,2.21,0.2507947973323682,2025-12-19,0.5835616438356165,call
275.0,1.82,1.87,1.8450000000000002,0.2517612351051631,2025-12-19,0.5835616438356165,call
280.0,1.49,1.54,1.5150000000000001,0.2518055331437671,2025-12-19,0.5835616438356165,call
285.0,1.25,1.29,1.27,0.2531613747424735,2025-12-19,0.5835616438356165,call
290.0,1.05,1.08,1.065,0.2545243024682123,2025-12-19,0.5835616438356165,call
295.0,0.88,0.93,0.905,0.2565293446007025,2025-12-19,0.5835616438356165,call
300.0,0.75,0.79,0.77,0.25850450326122887,2025-12-19,0.5835616438356165,call
310.0,0.55,0.58,0.565,0.26278582978318593,2025-12-19,0.5835616438356165,call
320.0,0.41,0.45,0.43,0.2681717740304445,2025-12-19,0.5835616438356165,call
330.0,0.31,0.35,0.32999999999999996,0.2733448010481676,2025-12-19,0.5835616438356165,call
340.0,0.24,0.27,0.255,0.27827406808150823,2025-12-19,0.5835616438356165,call
350.0,0.19,0.22,0.20500000000000002,0.28417555762612956,2025-12-19,0.5835616438356165,call
360.0,0.15,0.17,0.16,0.28852581092840396,2025-12-19,0.5835616438356165,call
370.0,0.11,0.15,0.13,0.29385251093307174,2025-12-19,0.5835616438356165,call
380.0,0.09,0.12,0.105,0.2985568880720805,2025-12-19,0.5835616438356165,call
390.0,0.08,0.1,0.09,0.304803147148223,2025-12-19,0.5835616438356165,call
400.0,0.06,0.08,0.07,0.30756446616515404,2025-12-19,0.5835616438356165,call
65.0,149.55,151.05,150.3,1.115325969611151,2026-01-16,0.6602739726027397,call
95.0,115.7,116.95,116.325,0.45517540438285115,2026-01-16,0.6602739726027397,call
100.0,110.85,111.65,111.25,0.4004647054281469,2026-01-16,0.6602739726027397,call
110.0,101.4,102.5,101.95,0.45040390349845305,2026-01-16,0.6602739726027397,call
115.0,96.8,98.05,97.425,0.4613124054919535,2026-01-16,0.6602739726027397,call
120.0,92.05,92.95,92.5,0.43659284510181195,2026-01-16,0.6602739726027397,call
125.0,87.4,88.4,87.9,0.43303898284096126,2026-01-16,0.6602739726027397,call
130.0,82.8,83.6,83.19999999999999,0.42059882720428254,2026-01-16,0.6602739726027397,call
135.0,78.5,79.05,78.775,0.41934638340920033,2026-01-16,0.6602739726027397,call
140.0,73.95,74.4,74.17500000000001,0.4072358078940893,2026-01-16,0.6602739726027397,call
145.0,69.3,70.1,69.69999999999999,0.3981745631718647,2026-01-16,0.6602739726027397,call
150.0,65.05,65.35,65.19999999999999,0.3863029648045185,2026-01-16,0.6602739726027397,call
155.0,60.8,61.15,60.974999999999994,0.38097110385796445,2026-01-16,0.6602739726027397,call
160.0,56.45,56.7,56.575,0.3683917779017933,2026-01-16,0.6602739726027397,call
165.0,52.25,52.5,52.375,0.3592665376690423,2026-01-16,0.6602739726027397,call
170.0,48.4,48.6,48.5,0.3553920792749549,2026-01-16,0.6602739726027397,call
175.0,44.4,44.65,44.525,0.346705736109158,2026-01-16,0.6602739726027397,call
180.0,40.45,40.7,40.575,0.33642341310590906,2026-01-16,0.6602739726027397,call
185.0,36.85,37.1,36.975,0.3305153301322792,2026-01-16,0.6602739726027397,call
190.0,33.2,33.5,33.35,0.3217092608466277,2026-01-16,0.6602739726027397,call
195.0,29.85,30.15,30.0,0.31514595203584084,2026-01-16,0.6602739726027397,call
200.0,26.6,26.85,26.725,0.30727346919460513,2026-01-16,0.6602739726027397,call
205.0,23.65,23.85,23.75,0.30149188180154896,2026-01-16,0.6602739726027397,call
210.0,20.85,21.0,20.925,0.295298407629459,2026-01-16,0.6602739726027397,call
215.0,18.15,18.3,18.225,0.28825603266924077,2026-01-16,0.6602739726027397,call
220.0,15.75,15.9,15.825,0.28285376050279715,2026-01-16,0.6602739726027397,call
225.0,13.55,13.7,13.625,0.27756972993813933,2026-01-16,0.6602739726027397,call
230.0,11.55,11.65,11.600000000000001,0.2720164572980847,2026-01-16,0.6602739726027397,call
235.0,9.8,9.9,9.850000000000001,0.2677490181236021,2026-01-16,0.6602739726027397,call
240.0,8.25,8.35,8.3,0.2637506081095084,2026-01-16,0.6602739726027397,call
245.0,6.9,7.0,6.95,0.26017912628979506,2026-01-16,0.6602739726027397,call
250.0,5.75,5.85,5.8,0.25727877607742616,2026-01-16,0.6602739726027397,call
255.0,4.8,4.9,4.85,0.2554150665283528,2026-01-16,0.6602739726027397,call
260.0,3.95,4.0,3.975,0.25238670857895523,2026-01-16,0.6602739726027397,call
265.0,3.25,3.35,3.3,0.2511442036873966,2026-01-16,0.6602739726027397,call
270.0,2.7,2.75,2.725,0.24992640367958785,2026-01-16,0.6602739726027397,call
275.0,2.25,2.31,2.2800000000000002,0.2499704504193745,2026-01-16,0.6602739726027397,call
280.0,1.87,1.93,1.9,0.24992941605996458,2026-01-16,0.6602739726027397,call
285.0,1.57,1.61,1.59,0.25029370165889997,2026-01-16,0.6602739726027397,call
290.0,1.32,1.36,1.34,0.25113867573073007,2026-01-16,0.6602739726027397,call
295.0,1.11,1.16,1.135,0.25227107489910655,2026-01-16,0.6602739726027397,call
300.0,0.96,0.98,0.97,0.25383436529130554,2026-01-16,0.6602739726027397,call
305.0,0.82,0.86,0.84,0.25596892824744,2026-01-16,0.6602739726027397,call
310.0,0.71,0.74,0.725,0.25784078949795525,2026-01-16,0.6602739726027397,call
315.0,0.61,0.65,0.63,0.2599240327554995,2026-01-16,0.6602739726027397,call
320.0,0.53,0.56,0.545,0.2617093491301548,2026-01-16,0.6602739726027397,call
330.0,0.42,0.44,0.43,0.2671706524689451,2026-01-16,0.6602739726027397,call
340.0,0.31,0.35,0.32999999999999996,0.2710263253900592,2026-01-16,0.6602739726027397,call
350.0,0.25,0.28,0.265,0.2761971604210208,2026-01-16,0.6602739726027397,call
360.0,0.2,0.23,0.21500000000000002,0.2812771450850706,2026-01-16,0.6602739726027397,call
370.0,0.17,0.19,0.18,0.28702421586789423,2026-01-16,0.6602739726027397,call
380.0,0.14,0.16,0.15000000000000002,0.29216899836317933,2026-01-16,0.6602739726027397,call
390.0,0.11,0.13,0.12,0.29556774216489456,2026-01-16,0.6602739726027397,call
90.0,120.3,122.85,121.57499999999999,0.4879124479315542,2026-03-20,0.8328767123287671,call
100.0,110.9,113.0,111.95,0.4638165783141552,2026-03-20,0.8328767123287671,call
105.0,106.55,108.45,107.5,0.47686191012266116,2026-03-20,0.8328767123287671,call
110.0,102.2,103.8,103.0,0.4776291868777962,2026-03-20,0.8328767123287671,call
115.0,97.55,99.75,98.65,0.48105193443287203,2026-03-20,0.8328767123287671,call
120.0,93.05,95.15,94.1,0.4710562846225693,2026-03-20,0.8328767123287671,call
125.0,88.4,89.95,89.17500000000001,0.4446461237617736,2026-03-20,0.8328767123287671,call
130.0,84.2,84.85,84.525,0.42948441231590184,2026-03-20,0.8328767123287671,call
135.0,79.65,80.55,80.1,0.42128396989390865,2026-03-20,0.8328767123287671,call
140.0,75.25,76.1,75.675,0.4113035551551694,2026-03-20,0.8328767123287671,call
145.0,70.8,71.45,71.125,0.39643476723437865,2026-03-20,0.8328767123287671,call
150.0,66.75,67.1,66.925,0.3898584856725848,2026-03-20,0.8328767123287671,call
155.0,62.55,62.95,62.75,0.38193165892893827,2026-03-20,0.8328767123287671,call
160.0,58.45,58.8,58.625,0.3733903625513537,2026-03-20,0.8328767123287671,call
165.0,54.35,54.9,54.625,0.36575222459436435,2026-03-20,0.8328767123287671,call
170.0,50.45,50.9,50.675,0.3573363189175066,2026-03-20,0.8328767123287671,call
175.0,46.6,46.95,46.775000000000006,0.34817934533565853,2026-03-20,0.8328767123287671,call
180.0,43.1,43.35,43.225,0.343238654592164,2026-03-20,0.8328767123287671,call
185.0,39.35,39.75,39.55,0.33433254355796355,2026-03-20,0.8328767123287671,call
190.0,36.1,36.3,36.2,0.32863285852034463,2026-03-20,0.8328767123287671,call
195.0,32.7,32.9,32.8,0.32026971470308496,2026-03-20,0.8328767123287671,call
200.0,29.6,29.8,29.700000000000003,0.31428307403321376,2026-03-20,0.8328767123287671,call
210.0,23.85,24.0,23.925,0.30205957505987274,2026-03-20,0.8328767123287671,call
220.0,18.8,18.95,18.875,0.29115923427896917,2026-03-20,0.8328767123287671,call
230.0,14.45,14.6,14.524999999999999,0.2808839208554102,2026-03-20,0.8328767123287671,call
240.0,10.9,11.05,10.975000000000001,0.2725970109114744,2026-03-20,0.8328767123287671,call
250.0,8.1,8.2,8.149999999999999,0.26587562861405695,2026-03-20,0.8328767123287671,call
260.0,5.85,6.0,5.925,0.2598743835547442,2026-03-20,0.8328767123287671,call
270.0,4.2,4.35,4.275,0.25564889716533,2026-03-20,0.8328767123287671,call
280.0,3.0,3.15,3.075,0.2528857637421562,2026-03-20,0.8328767123287671,call
290.0,2.22,2.29,2.255,0.25248375529038747,2026-03-20,0.8328767123287671,call
300.0,1.62,1.69,1.655,0.2525825234534279,2026-03-20,0.8328767123287671,call
310.0,1.22,1.28,1.25,0.2544379418945224,2026-03-20,0.8328767123287671,call
320.0,0.92,0.97,0.9450000000000001,0.25625247617629426,2026-03-20,0.8328767123287671,call
330.0,0.72,0.75,0.735,0.2592235855775715,2026-03-20,0.8328767123287671,call
340.0,0.56,0.62,0.5900000000000001,0.2632536856972196,2026-03-20,0.8328767123287671,call
350.0,0.46,0.5,0.48,0.26744641580212625,2026-03-20,0.8328767123287671,call
360.0,0.38,0.42,0.4,0.2721971914531811,2026-03-20,0.8328767123287671,call
370.0,0.32,0.35,0.33499999999999996,0.2767339361608483,2026-03-20,0.8328767123287671,call
60.0,149.05,152.25,150.65,0.48607732034034046,2026-06-18,1.0794520547945206,call
70.0,140.2,142.85,141.52499999999998,0.5768628831703471,2026-06-18,1.0794520547945206,call
75.0,135.4,137.55,136.47500000000002,0.5316222618996589,2026-06-18,1.0794520547945206,call
80.0,130.9,132.85,131.875,0.5357104543520911,2026-06-18,1.0794520547945206,call
85.0,128.9,131.15,130.025,0.6834367937760419,2026-06-18,1.0794520547945206,call
90.0,121.4,123.65,122.525,0.5161615406861877,2026-06-18,1.0794520547945206,call
95.0,117.05,118.8,117.925,0.507807912963239,2026-06-18,1.0794520547945206,call
100.0,112.6,114.8,113.69999999999999,0.5154286380285998,2026-06-18,1.0794520547945206,call
105.0,107.2,110.45,108.825,0.4898799163612986,2026-06-18,1.0794520547945206,call
110.0,103.35,105.7,104.525,0.4881603259093539,2026-06-18,1.0794520547945206,call
115.0,97.85,100.65,99.25,0.4484676807381891,2026-06-18,1.0794520547945206,call
120.0,94.7,95.45,95.075,0.4493920395515018,2026-06-18,1.0794520547945206,call
125.0,90.2,91.3,90.75,0.44248927416339445,2026-06-18,1.0794520547945206,call
130.0,85.85,86.65,86.25,0.42913673587197726,2026-06-18,1.0794520547945206,call
135.0,81.75,82.35,82.05,0.4227908481665511,2026-06-18,1.0794520547945206,call
140.0,77.4,78.2,77.80000000000001,0.4136692012010973,2026-06-18,1.0794520547945206,call
145.0,73.25,73.85,73.55,0.4033940000874944,2026-06-18,1.0794520547945206,call
150.0,69.2,69.55,69.375,0.39364507269099647,2026-06-18,1.0794520547945206,call
155.0,65.15,65.65,65.4,0.3865955788179168,2026-06-18,1.0794520547945206,call
160.0,61.35,61.7,61.525000000000006,0.37992798777016173,2026-06-18,1.0794520547945206,call
165.0,57.35,57.65,57.5,0.36940897380862137,2026-06-18,1.0794520547945206,call
170.0,53.65,54.1,53.875,0.3641531228836157,2026-06-18,1.0794520547945206,call
175.0,50.05,50.35,50.2,0.3566510543300427,2026-06-18,1.0794520547945206,call
180.0,46.5,46.8,46.65,0.3496264562106775,2026-06-18,1.0794520547945206,call
185.0,43.05,43.4,43.224999999999994,0.3429557231987588,2026-06-18,1.0794520547945206,call
190.0,39.75,40.0,39.875,0.33589142191011284,2026-06-18,1.0794520547945206,call
195.0,36.5,36.8,36.65,0.3290430997758631,2026-06-18,1.0794520547945206,call
200.0,33.35,33.7,33.525000000000006,0.3220270696361019,2026-06-18,1.0794520547945206,call
205.0,30.45,30.75,30.6,0.315989511367063,2026-06-18,1.0794520547945206,call
210.0,27.8,27.95,27.875,0.3108191733858228,2026-06-18,1.0794520547945206,call
215.0,25.2,25.4,25.299999999999997,0.3058633066140961,2026-06-18,1.0794520547945206,call
220.0,22.75,22.95,22.85,0.30080402091221686,2026-06-18,1.0794520547945206,call
225.0,20.4,20.55,20.475,0.2950477561281589,2026-06-18,1.0794520547945206,call
230.0,18.35,18.5,18.425,0.29145951362443956,2026-06-18,1.0794520547945206,call
235.0,16.35,16.5,16.425,0.2868750818909194,2026-06-18,1.0794520547945206,call
240.0,14.45,14.65,14.55,0.28215696582060823,2026-06-18,1.0794520547945206,call
245.0,12.9,13.05,12.975000000000001,0.27944736520376134,2026-06-18,1.0794520547945206,call
250.0,11.3,11.5,11.4,0.2751713933604268,2026-06-18,1.0794520547945206,call
255.0,9.95,10.1,10.024999999999999,0.2718276548995543,2026-06-18,1.0794520547945206,call
260.0,8.75,8.85,8.8,0.2689020612005292,2026-06-18,1.0794520547945206,call
265.0,7.65,7.85,7.75,0.26688324713937844,2026-06-18,1.0794520547945206,call
270.0,6.75,6.9,6.825,0.26524667551743814,2026-06-18,1.0794520547945206,call
275.0,5.85,5.95,5.9,0.26215947996424843,2026-06-18,1.0794520547945206,call
280.0,5.15,5.25,5.2,0.26128043272227397,2026-06-18,1.0794520547945206,call
285.0,4.45,4.6,4.525,0.2595353253911383,2026-06-18,1.0794520547945206,call
290.0,3.9,4.0,3.95,0.2583173815303068,2026-06-18,1.0794520547945206,call
300.0,2.98,3.1,3.04,0.25714929639225803,2026-06-18,1.0794520547945206,call
310.0,2.33,2.38,2.355,0.2568272419480518,2026-06-18,1.0794520547945206,call
320.0,1.8,1.86,1.83,0.25691161824947395,2026-06-18,1.0794520547945206,call
330.0,1.43,1.47,1.45,0.25813813319298784,2026-06-18,1.0794520547945206,call
340.0,1.15,1.19,1.17,0.2601870824837677,2026-06-18,1.0794520547945206,call
350.0,0.92,0.98,0.95,0.26234577259258773,2026-06-18,1.0794520547945206,call
360.0,0.75,0.8,0.775,0.26451702419449874,2026-06-18,1.0794520547945206,call
370.0,0.62,0.67,0.645,0.26733205115773273,2026-06-18,1.0794520547945206,call
380.0,0.52,0.57,0.5449999999999999,0.27051321810820345,2026-06-18,1.0794520547945206,call
390.0,0.44,0.48,0.45999999999999996,0.27338615778606656,2026-06-18,1.0794520547945206,call
95.0,116.9,120.9,118.9,0.506319860415929,2026-09-18,1.3315068493150686,call
120.0,95.95,97.35,96.65,0.44967654230077475,2026-09-18,1.3315068493150686,call
135.0,83.2,84.4,83.80000000000001,0.4189382803712141,2026-09-18,1.3315068493150686,call
155.0,67.15,68.4,67.775,0.3867498939618482,2026-09-18,1.3315068493150686,call
160.0,63.6,64.9,64.25,0.3836463743022131,2026-09-18,1.3315068493150686,call
165.0,59.7,60.55,60.125,0.3705169348254588,2026-09-18,1.3315068493150686,call
170.0,56.2,56.95,56.575,0.36475724677974874,2026-09-18,1.3315068493150686,call
175.0,52.7,53.2,52.95,0.35686711323779974,2026-09-18,1.3315068493150686,call
180.0,49.0,50.25,49.625,0.35175750853002546,2026-09-18,1.3315068493150686,call
185.0,46.1,46.9,46.5,0.34786882406014574,2026-09-18,1.3315068493150686,call
190.0,42.8,43.75,43.275,0.3415649004742574,2026-09-18,1.3315068493150686,call
195.0,39.8,41.25,40.525,0.33953385687457516,2026-09-18,1.3315068493150686,call
200.0,36.8,37.75,37.275,0.3306844884565623,2026-09-18,1.3315068493150686,call
205.0,34.1,34.85,34.475,0.32569578828498946,2026-09-18,1.3315068493150686,call
210.0,31.25,31.55,31.4,0.3166230974582814,2026-09-18,1.3315068493150686,call
215.0,28.7,28.95,28.825,0.31171654717182684,2026-09-18,1.3315068493150686,call
220.0,26.3,26.55,26.425,0.3074306135379372,2026-09-18,1.3315068493150686,call
225.0,24.0,24.2,24.1,0.30270835330294227,2026-09-18,1.3315068493150686,call
230.0,21.8,22.05,21.925,0.29832236835580406,2026-09-18,1.3315068493150686,call
235.0,19.8,20.0,19.9,0.2942722683618986,2026-09-18,1.3315068493150686,call
240.0,17.9,18.15,18.025,0.2905701352741717,2026-09-18,1.3315068493150686,call
245.0,16.2,16.4,16.299999999999997,0.28724202110278163,2026-09-18,1.3315068493150686,call
250.0,14.55,14.75,14.65,0.2835072638756963,2026-09-18,1.3315068493150686,call
255.0,13.15,13.3,13.225000000000001,0.281047796157256,2026-09-18,1.3315068493150686,call
260.0,11.75,11.9,11.825,0.2776900156511594,2026-09-18,1.3315068493150686,call
265.0,10.5,10.7,10.6,0.27518293020828327,2026-09-18,1.3315068493150686,call
270.0,9.35,9.55,9.45,0.2724221774944448,2026-09-18,1.3315068493150686,call
275.0,8.4,8.6,8.5,0.27105246552793544,2026-09-18,1.3315068493150686,call
280.0,7.5,7.65,7.575,0.26894705845011063,2026-09-18,1.3315068493150686,call
285.0,6.7,6.85,6.775,0.2674894678495374,2026-09-18,1.3315068493150686,call
290.0,6.0,6.05,6.025,0.2657251590009895,2026-09-18,1.3315068493150686,call
295.0,5.3,5.4,5.35,0.26407172708786436,2026-09-18,1.3315068493150686,call
300.0,4.75,4.85,4.8,0.2634669921822434,2026-09-18,1.3315068493150686,call
320.0,3.05,3.2,3.125,0.26219968267162164,2026-09-18,1.3315068493150686,call
330.0,2.45,2.55,2.5,0.2613462791868724,2026-09-18,1.3315068493150686,call
340.0,2.01,2.09,2.05,0.2621007229650571,2026-09-18,1.3315068493150686,call
350.0,1.65,1.73,1.69,0.2631016461003524,2026-09-18,1.3315068493150686,call
360.0,1.38,1.45,1.415,0.2648089082962346,2026-09-18,1.3315068493150686,call
380.0,0.97,1.05,1.01,0.26860035277824884,2026-09-18,1.3315068493150686,call
400.0,0.72,0.79,0.755,0.2737159311499961,2026-09-18,1.3315068493150686,call
20.0,189.8,193.65,191.72500000000002,1.2231175662647442,2026-12-18,1.5808219178082192,call
45.0,163.75,166.65,165.2,0.5373624821257706,2026-12-18,1.5808219178082192,call
50.0,159.25,162.2,160.725,0.5879087512423158,2026-12-18,1.5808219178082192,call
60.0,149.95,153.0,151.475,0.577692389504876,2026-12-18,1.5808219178082192,call
70.0,141.2,143.8,142.5,0.5695126739597819,2026-12-18,1.5808219178082192,call
80.0,132.0,135.0,133.5,0.5477745413898141,2026-12-18,1.5808219178082192,call
85.0,127.7,129.7,128.7,0.5225967623043533,2026-12-18,1.5808219178082192,call
90.0,126.3,128.4,127.35,0.613568520493698,2026-12-18,1.5808219178082192,call
100.0,114.75,116.8,115.775,0.5012638758362968,2026-12-18,1.5808219178082192,call
105.0,109.45,112.5,110.975,0.4776317218573166,2026-12-18,1.5808219178082192,call
110.0,105.15,107.7,106.42500000000001,0.46160083872356134,2026-12-18,1.5808219178082192,call
115.0,101.85,103.0,102.425,0.4589427641129122,2026-12-18,1.5808219178082192,call
120.0,97.8,98.4,98.1,0.44724685308001044,2026-12-18,1.5808219178082192,call
125.0,93.3,94.55,93.925,0.43817614456148946,2026-12-18,1.5808219178082192,call
130.0,89.45,90.0,89.725,0.4278443647092984,2026-12-18,1.5808219178082192,call
135.0,85.3,85.95,85.625,0.4187199807819517,2026-12-18,1.5808219178082192,call
140.0,81.45,82.05,81.75,0.4126680482469383,2026-12-18,1.5808219178082192,call
145.0,77.4,78.05,77.725,0.4031910591273363,2026-12-18,1.5808219178082192,call
150.0,73.65,74.2,73.92500000000001,0.39644045593691596,2026-12-18,1.5808219178082192,call
155.0,69.75,70.35,70.05,0.3877119953820156,2026-12-18,1.5808219178082192,call
160.0,66.1,66.55,66.32499999999999,0.3803044631665205,2026-12-18,1.5808219178082192,call
165.0,62.45,62.95,62.7,0.3733625329434066,2026-12-18,1.5808219178082192,call
170.0,59.0,59.4,59.2,0.36710508601637787,2026-12-18,1.5808219178082192,call
175.0,55.6,55.95,55.775000000000006,0.3608313969929217,2026-12-18,1.5808219178082192,call
180.0,52.25,52.55,52.4,0.3542331954622171,2026-12-18,1.5808219178082192,call
185.0,48.95,49.35,49.150000000000006,0.3481418541767117,2026-12-18,1.5808219178082192,call
190.0,46.0,46.3,46.15,0.3438169478106665,2026-12-18,1.5808219178082192,call
195.0,42.9,43.2,43.05,0.3374559194437829,2026-12-18,1.5808219178082192,call
200.0,39.95,40.3,40.125,0.3319792119579254,2026-12-18,1.5808219178082192,call
210.0,34.6,34.95,34.775000000000006,0.32313281910679514,2026-12-18,1.5808219178082192,call
220.0,29.65,29.8,29.725,0.31330049648757613,2026-12-18,1.5808219178082192,call
230.0,25.1,25.35,25.225,0.3048210386404274,2026-12-18,1.5808219178082192,call
240.0,21.1,21.35,21.225,0.2971647199056962,2026-12-18,1.5808219178082192,call
250.0,17.65,17.85,17.75,0.2906436877974852,2026-12-18,1.5808219178082192,call
260.0,14.6,14.75,14.675,0.2841917045677212,2026-12-18,1.5808219178082192,call
270.0,12.0,12.2,12.1,0.279073878902752,2026-12-18,1.5808219178082192,call
280.0,9.85,10.05,9.95,0.27492582496398876,2026-12-18,1.5808219178082192,call
290.0,8.0,8.15,8.075,0.2704258824588891,2026-12-18,1.5808219178082192,call
300.0,6.55,6.65,6.6,0.26757549653922486,2026-12-18,1.5808219178082192,call
310.0,5.3,5.45,5.375,0.2650465417431974,2026-12-18,1.5808219178082192,call
320.0,4.35,4.5,4.425,0.263837010022827,2026-12-18,1.5808219178082192,call
330.0,3.55,3.7,3.625,0.26254684003978845,2026-12-18,1.5808219178082192,call
340.0,2.96,3.1,3.0300000000000002,0.2627735950590122,2026-12-18,1.5808219178082192,call
350.0,2.46,2.56,2.51,0.26247983511323664,2026-12-18,1.5808219178082192,call
360.0,2.05,2.14,2.0949999999999998,0.2626731427718052,2026-12-18,1.5808219178082192,call
370.0,1.72,1.81,1.7650000000000001,0.26335397654810055,2026-12-18,1.5808219178082192,call
380.0,1.47,1.55,1.51,0.2647409643879319,2026-12-18,1.5808219178082192,call
390.0,1.27,1.34,1.3050000000000002,0.26648509858495706,2026-12-18,1.5808219178082192,call
400.0,1.1,1.18,1.1400000000000001,0.26857003691884607,2026-12-18,1.5808219178082192,call
410.0,0.97,1.04,1.005,0.2708895850400716,2026-12-18,1.5808219178082192,call
420.0,0.85,0.94,0.895,0.27346737704986657,2026-12-18,1.5808219178082192,call
430.0,0.76,0.83,0.7949999999999999,0.27574559117679553,2026-12-18,1.5808219178082192,call
440.0,0.67,0.75,0.71,0.27808015933584473,2026-12-18,1.5808219178082192,call
450.0,0.6,0.66,0.63,0.2799879411886098,2026-12-18,1.5808219178082192,call
40.0,168.1,171.7,169.89999999999998,0.49317033096626095,2027-01-15,1.6575342465753424,call
60.0,150.05,153.2,151.625,0.580796949784306,2027-01-15,1.6575342465753424,call
70.0,141.05,143.4,142.22500000000002,0.5426450222115818,2027-01-15,1.6575342465753424,call
80.0,131.5,135.0,133.25,0.5255591627458244,2027-01-15,1.6575342465753424,call
90.0,123.25,125.95,124.6,0.5139596905329382,2027-01-15,1.6575342465753424,call
95.0,122.05,125.2,123.625,0.5999928699778233,2027-01-15,1.6575342465753424,call
100.0,114.0,117.35,115.675,0.48744114520488924,2027-01-15,1.6575342465753424,call
105.0,110.25,112.95,111.6,0.48401247585487495,2027-01-15,1.6575342465753424,call
110.0,106.05,108.1,107.07499999999999,0.4677205899774572,2027-01-15,1.6575342465753424,call
120.0,98.25,99.0,98.625,0.4483627073530132,2027-01-15,1.6575342465753424,call
125.0,93.95,94.95,94.45,0.4386421351981337,2027-01-15,1.6575342465753424,call
130.0,89.75,90.7,90.225,0.4273543286326782,2027-01-15,1.6575342465753424,call
135.0,86.0,86.45,86.225,0.4195301616057416,2027-01-15,1.6575342465753424,call
140.0,81.95,82.7,82.325,0.4125071948008785,2027-01-15,1.6575342465753424,call
145.0,78.15,78.8,78.475,0.40536489983942514,2027-01-15,1.6575342465753424,call
150.0,74.35,74.75,74.55,0.396295476748374,2027-01-15,1.6575342465753424,call
155.0,70.55,71.4,70.975,0.39140285428572935,2027-01-15,1.6575342465753424,call
160.0,66.9,67.3,67.1,0.381570743598832,2027-01-15,1.6575342465753424,call
165.0,63.25,63.7,63.475,0.37430833270133557,2027-01-15,1.6575342465753424,call
170.0,59.75,60.35,60.05,0.36866435458612773,2027-01-15,1.6575342465753424,call
175.0,56.5,56.8,56.65,0.36241014833461355,2027-01-15,1.6575342465753424,call
180.0,53.05,53.4,53.224999999999994,0.3550361458411378,2027-01-15,1.6575342465753424,call
185.0,49.8,50.25,50.025,0.3493120984222482,2027-01-15,1.6575342465753424,call
190.0,46.75,47.1,46.925,0.3437589748581577,2027-01-15,1.6575342465753424,call
195.0,43.8,44.15,43.974999999999994,0.33884967542643046,2027-01-15,1.6575342465753424,call
200.0,40.95,41.3,41.125,0.3340243549778615,2027-01-15,1.6575342465753424,call
210.0,35.5,35.8,35.65,0.32383360035954295,2027-01-15,1.6575342465753424,call
220.0,30.5,30.75,30.625,0.31428368706667426,2027-01-15,1.6575342465753424,call
230.0,26.15,26.35,26.25,0.3071093645014228,2027-01-15,1.6575342465753424,call
240.0,22.05,22.2,22.125,0.2985391940112525,2027-01-15,1.6575342465753424,call
250.0,18.5,18.7,18.6,0.29188965270211126,2027-01-15,1.6575342465753424,call
260.0,15.5,15.7,15.6,0.2866516900576315,2027-01-15,1.6575342465753424,call
270.0,12.9,13.0,12.95,0.2813569284257181,2027-01-15,1.6575342465753424,call
280.0,10.5,10.7,10.6,0.27567068531146055,2027-01-15,1.6575342465753424,call
290.0,8.65,8.85,8.75,0.2721685814013432,2027-01-15,1.6575342465753424,call
300.0,7.1,7.3,7.199999999999999,0.2691380545541723,2027-01-15,1.6575342465753424,call
310.0,5.8,5.95,5.875,0.2660282586502232,2027-01-15,1.6575342465753424,call
320.0,4.8,4.95,4.875,0.2648108030172348,2027-01-15,1.6575342465753424,call
330.0,3.95,4.1,4.025,0.26348545457030115,2027-01-15,1.6575342465753424,call
340.0,3.3,3.4,3.3499999999999996,0.2629252481959476,2027-01-15,1.6575342465753424,call
350.0,2.77,2.86,2.815,0.2630601676545073,2027-01-15,1.6575342465753424,call
360.0,2.33,2.4,2.365,0.2631943239361405,2027-01-15,1.6575342465753424,call
370.0,1.98,2.08,2.0300000000000002,0.26449489905346457,2027-01-15,1.6575342465753424,call
380.0,1.69,1.76,1.725,0.26515052970518815,2027-01-15,1.6575342465753424,call
390.0,1.45,1.53,1.49,0.26655156040701394,2027-01-15,1.6575342465753424,call
400.0,1.26,1.34,1.3,0.2683021742725863,2027-01-15,1.6575342465753424,call
410.0,1.1,1.18,1.1400000000000001,0.27013423902613426,2027-01-15,1.6575342465753424,call
420.0,0.98,1.05,1.0150000000000001,0.2724927102923268,2027-01-15,1.6575342465753424,call
430.0,0.84,0.92,0.88,0.2735190025367984,2027-01-15,1.6575342465753424,call
440.0,0.77,0.83,0.8,0.2764454870326187,2027-01-15,1.6575342465753424,call
450.0,0.69,0.75,0.72,0.2787662646993771,2027-01-15,1.6575342465753424,call
50.0,160.75,163.9,162.325,0.6718087543833035,2027-06-17,2.0767123287671234,call
55.0,154.8,158.85,156.825,0.5935249253042457,2027-06-17,2.0767123287671234,call
60.0,150.1,154.45,152.27499999999998,0.5768803261408374,2027-06-17,2.0767123287671234,call
75.0,137.1,141.4,139.25,0.5494563526990296,2027-06-17,2.0767123287671234,call
80.0,132.7,136.85,134.77499999999998,0.5331820792841117,2027-06-17,2.0767123287671234,call
85.0,128.45,132.2,130.325,0.5177821693132134,2027-06-17,2.0767123287671234,call
90.0,124.0,127.75,125.875,0.502424857378932,2027-06-17,2.0767123287671234,call
95.0,120.3,123.45,121.875,0.4985760265157159,2027-06-17,2.0767123287671234,call
100.0,115.1,119.45,117.275,0.4791190838850348,2027-06-17,2.0767123287671234,call
105.0,111.2,115.25,113.225,0.47234218807533784,2027-06-17,2.0767123287671234,call
110.0,108.4,109.8,109.1,0.46305044093610653,2027-06-17,2.0767123287671234,call
115.0,104.25,105.7,104.975,0.4531670453212068,2027-06-17,2.0767123287671234,call
120.0,100.25,101.55,100.9,0.4436843356865291,2027-06-17,2.0767123287671234,call
125.0,96.25,97.55,96.9,0.43494256854284585,2027-06-17,2.0767123287671234,call
130.0,92.35,93.45,92.9,0.4256516742333993,2027-06-17,2.0767123287671234,call
135.0,88.5,89.6,89.05,0.4180886591881079,2027-06-17,2.0767123287671234,call
140.0,84.95,85.75,85.35,0.4119704900185965,2027-06-17,2.0767123287671234,call
145.0,81.1,81.75,81.425,0.4021515240472456,2027-06-17,2.0767123287671234,call
150.0,77.4,78.05,77.725,0.3947731485138102,2027-06-17,2.0767123287671234,call
155.0,73.85,74.6,74.225,0.38919393037638733,2027-06-17,2.0767123287671234,call
160.0,70.35,71.15,70.75,0.38316988303970284,2027-06-17,2.0767123287671234,call
165.0,67.0,67.7,67.35,0.37729300761458084,2027-06-17,2.0767123287671234,call
170.0,63.75,64.2,63.975,0.371006559322395,2027-06-17,2.0767123287671234,call
175.0,60.2,60.85,60.525000000000006,0.3633190539052421,2027-06-17,2.0767123287671234,call
180.0,57.3,57.8,57.55,0.3597875901218961,2027-06-17,2.0767123287671234,call
185.0,54.0,54.45,54.225,0.35210624806502144,2027-06-17,2.0767123287671234,call
190.0,50.95,51.65,51.3,0.3476130068389734,2027-06-17,2.0767123287671234,call
195.0,48.1,48.55,48.325,0.3419479977657198,2027-06-17,2.0767123287671234,call
200.0,45.4,45.7,45.55,0.3374121121524674,2027-06-17,2.0767123287671234,call
210.0,40.15,40.45,40.3,0.3288501074768417,2027-06-17,2.0767123287671234,call
220.0,35.25,35.65,35.45,0.32088160498219015,2027-06-17,2.0767123287671234,call
230.0,30.75,31.05,30.9,0.31261327508175835,2027-06-17,2.0767123287671234,call
240.0,26.65,26.95,26.799999999999997,0.30528341184564745,2027-06-17,2.0767123287671234,call
250.0,23.0,23.25,23.125,0.29869666708293674,2027-06-17,2.0767123287671234,call
260.0,19.8,20.0,19.9,0.2931468088196742,2027-06-17,2.0767123287671234,call
270.0,16.9,17.15,17.025,0.2879145412919357,2027-06-17,2.0767123287671234,call
280.0,14.4,14.65,14.525,0.28339191328867325,2027-06-17,2.0767123287671234,call
290.0,12.3,12.5,12.4,0.27983714176621244,2027-06-17,2.0767123287671234,call
300.0,10.4,10.55,10.475000000000001,0.27579453964464945,2027-06-17,2.0767123287671234,call
310.0,8.85,9.05,8.95,0.2735956427791389,2027-06-17,2.0767123287671234,call
320.0,7.55,7.65,7.6,0.27120311904049127,2027-06-17,2.0767123287671234,call
330.0,6.35,6.55,6.449999999999999,0.2691393537593837,2027-06-17,2.0767123287671234,call
340.0,5.45,5.6,5.525,0.2680946184441851,2027-06-17,2.0767123287671234,call
350.0,4.6,4.75,4.675,0.2663135242527835,2027-06-17,2.0767123287671234,call
360.0,3.95,4.1,4.025,0.2659239417678438,2027-06-17,2.0767123287671234,call
370.0,3.35,3.55,3.45,0.2652977644750543,2027-06-17,2.0767123287671234,call
380.0,2.93,3.1,3.015,0.2658935926043279,2027-06-17,2.0767123287671234,call
390.0,2.55,2.66,2.605,0.26577434354431934,2027-06-17,2.0767123287671234,call
400.0,2.22,2.32,2.27,0.2661177129103446,2027-06-17,2.0767123287671234,call
410.0,1.95,2.06,2.005,0.2671204155874686,2027-06-17,2.0767123287671234,call
420.0,1.71,1.81,1.76,0.2677159811800018,2027-06-17,2.0767123287671234,call
430.0,1.5,1.6,1.55,0.26840515791204606,2027-06-17,2.0767123287671234,call
440.0,1.34,1.44,1.3900000000000001,0.2698685311307737,2027-06-17,2.0767123287671234,call
450.0,1.19,1.29,1.24,0.27097614120147956,2027-06-17,2.0767123287671234,call
50.0,159.5,164.5,162.0,0.6072131536380001,2027-12-17,2.578082191780822,call
55.0,155.0,159.95,157.475,0.5853113273351097,2027-12-17,2.578082191780822,call
60.0,151.0,155.95,153.475,0.5856593415289756,2027-12-17,2.578082191780822,call
65.0,147.0,151.4,149.2,0.5724608372380839,2027-12-17,2.578082191780822,call
70.0,142.5,146.9,144.7,0.551619296126411,2027-12-17,2.578082191780822,call
75.0,138.05,142.65,140.35000000000002,0.5361156224701891,2027-12-17,2.578082191780822,call
80.0,133.55,138.3,135.925,0.5187523116266676,2027-12-17,2.578082191780822,call
85.0,129.7,134.3,132.0,0.5140987883659167,2027-12-17,2.578082191780822,call
90.0,125.65,130.5,128.075,0.5079497495316375,2027-12-17,2.578082191780822,call
95.0,121.55,125.95,123.75,0.4925406598969603,2027-12-17,2.578082191780822,call
100.0,117.0,121.45,119.225,0.47354941909024834,2027-12-17,2.578082191780822,call
105.0,113.65,117.05,115.35,0.4670505529383752,2027-12-17,2.578082191780822,call
110.0,109.6,112.95,111.275,0.45639088330851235,2027-12-17,2.578082191780822,call
115.0,105.75,109.0,107.375,0.4482665358124017,2027-12-17,2.578082191780822,call
120.0,101.95,105.05,103.5,0.4400156823979109,2027-12-17,2.578082191780822,call
125.0,98.35,101.15,99.75,0.43306653089249686,2027-12-17,2.578082191780822,call
130.0,95.8,97.45,96.625,0.433815348363623,2027-12-17,2.578082191780822,call
135.0,91.3,93.3,92.3,0.41820107135166423,2027-12-17,2.578082191780822,call
140.0,88.05,89.5,88.775,0.412476604243911,2027-12-17,2.578082191780822,call
145.0,84.5,87.5,86.0,0.41471952605982504,2027-12-17,2.578082191780822,call
150.0,81.15,82.75,81.95,0.401776451146867,2027-12-17,2.578082191780822,call
155.0,77.15,78.6,77.875,0.38857798223177187,2027-12-17,2.578082191780822,call
160.0,74.1,76.05,75.07499999999999,0.3883289077323831,2027-12-17,2.578082191780822,call
165.0,70.85,72.55,71.69999999999999,0.3815429012566011,2027-12-17,2.578082191780822,call
170.0,67.1,68.65,67.875,0.3700612720807987,2027-12-17,2.578082191780822,call
175.0,64.45,65.4,64.92500000000001,0.3664492725289518,2027-12-17,2.578082191780822,call
180.0,61.7,62.25,61.975,0.36221241357826683,2027-12-17,2.578082191780822,call
185.0,58.25,59.25,58.75,0.35501818323326645,2027-12-17,2.578082191780822,call
190.0,55.55,56.6,56.075,0.3520541890041943,2027-12-17,2.578082191780822,call
195.0,52.65,54.65,53.65,0.3505449825119421,2027-12-17,2.578082191780822,call
200.0,50.2,50.95,50.575,0.34310875676242186,2027-12-17,2.578082191780822,call
205.0,47.7,48.7,48.2,0.3408258748077995,2027-12-17,2.578082191780822,call
210.0,44.8,45.7,45.25,0.333433336464351,2027-12-17,2.578082191780822,call
215.0,42.6,43.95,43.275000000000006,0.3331458758632488,2027-12-17,2.578082191780822,call
220.0,40.15,40.85,40.5,0.3261073416223131,2027-12-17,2.578082191780822,call
225.0,38.1,38.85,38.475,0.3242907902518869,2027-12-17,2.578082191780822,call
230.0,35.95,36.25,36.1,0.3192689354067796,2027-12-17,2.578082191780822,call
235.0,33.8,34.2,34.0,0.31579363264613824,2027-12-17,2.578082191780822,call
240.0,31.8,32.15,31.975,0.3123457421502479,2027-12-17,2.578082191780822,call
245.0,29.85,30.25,30.05,0.3091151514802817,2027-12-17,2.578082191780822,call
250.0,28.1,28.45,28.275,0.3064808927220371,2027-12-17,2.578082191780822,call
255.0,26.35,26.7,26.525,0.3035102606144226,2027-12-17,2.578082191780822,call
260.0,24.7,25.05,24.875,0.3007746023815952,2027-12-17,2.578082191780822,call
265.0,23.15,23.45,23.299999999999997,0.29809419043126717,2027-12-17,2.578082191780822,call
270.0,21.65,21.8,21.725,0.29489646995965124,2027-12-17,2.578082191780822,call
275.0,20.25,20.55,20.4,0.2931349306681547,2027-12-17,2.578082191780822,call
280.0,19.0,19.25,19.125,0.29128386854363475,2027-12-17,2.578082191780822,call
285.0,17.75,18.05,17.9,0.28935308486846245,2027-12-17,2.578082191780822,call
290.0,16.55,16.85,16.700000000000003,0.2871459863137149,2027-12-17,2.578082191780822,call
295.0,15.4,15.65,15.525,0.2846597372099278,2027-12-17,2.578082191780822,call
300.0,14.45,14.75,14.6,0.2838229101301544,2027-12-17,2.578082191780822,call
305.0,13.4,13.65,13.525,0.28124644576091856,2027-12-17,2.578082191780822,call
310.0,12.5,12.75,12.625,0.27974759980636205,2027-12-17,2.578082191780822,call
315.0,11.7,12.0,11.85,0.27896262532456384,2027-12-17,2.578082191780822,call
320.0,10.9,11.15,11.025,0.2773048444979311,2027-12-17,2.578082191780822,call
325.0,10.1,10.4,10.25,0.2756942259220693,2027-12-17,2.578082191780822,call
330.0,9.45,9.65,9.55,0.2744048726431215,2027-12-17,2.578082191780822,call
335.0,8.85,9.1,8.975,0.2740035615589437,2027-12-17,2.578082191780822,call
340.0,8.25,8.45,8.35,0.27271891125674497,2027-12-17,2.578082191780822,call
345.0,7.7,7.95,7.825,0.2721416663256692,2027-12-17,2.578082191780822,call
350.0,7.2,7.45,7.325,0.2715044164209401,2027-12-17,2.578082191780822,call
355.0,6.65,6.9,6.775,0.2699314071426406,2027-12-17,2.578082191780822,call
360.0,6.25,6.45,6.35,0.2694869854210052,2027-12-17,2.578082191780822,call
365.0,5.85,6.05,5.949999999999999,0.2690422423235489,2027-12-17,2.578082191780822,call
370.0,5.45,5.65,5.550000000000001,0.26828580884979675,2027-12-17,2.578082191780822,call
375.0,5.15,5.35,5.25,0.26856568231465,2027-12-17,2.578082191780822,call
380.0,4.8,5.0,4.9,0.26789354478649263,2027-12-17,2.578082191780822,call
385.0,4.55,4.7,4.625,0.2680103192285463,2027-12-17,2.578082191780822,call
390.0,4.25,4.4,4.325,0.267503318060196,2027-12-17,2.578082191780822,call
395.0,3.95,4.15,4.050000000000001,0.2671040990046818,2027-12-17,2.578082191780822,call
400.0,3.75,3.95,3.85,0.26766140035831837,2027-12-17,2.578082191780822,call
405.0,3.5,3.7,3.6,0.26717729006255675,2027-12-17,2.578082191780822,call
410.0,3.3,3.45,3.375,0.266865844414325,2027-12-17,2.578082191780822,call
415.0,3.1,3.25,3.175,0.2667641387753287,2027-12-17,2.578082191780822,call
420.0,2.93,3.1,3.015,0.26719767569074293,2027-12-17,2.578082191780822,call
425.0,2.76,2.91,2.835,0.26705563177252034,2027-12-17,2.578082191780822,call
430.0,2.61,2.75,2.6799999999999997,0.26720661249738026,2027-12-17,2.578082191780822,call
435.0,2.47,2.61,2.54,0.2674848083451353,2027-12-17,2.578082191780822,call
440.0,2.35,2.48,2.415,0.26791615158110876,2027-12-17,2.578082191780822,call
